{"DATEFORMATS":["EEEE, d MMMM y","d MMMM y","dd-MM-yyyy","d-M-yy"],"NARROWWEEKDAYS":["र","सो","मं","बु","गु","शु","श"],"STANDALONESHORTMONTHS":["जनवरी","फरवरी","मार्च","अप्रैल","मई","जून","जुलाई","अगस्त","सितम्बर","अक्तूबर","नवम्बर","दिसम्बर"],"ERANAMES":["ईसापूर्व","सन"],"FIRSTWEEKCUTOFFDAY":5,"NARROWMONTHS":["ज","फ़","मा","अ","म","जू","जु","अ","सि","अ","न","दि"],"STANDALONESHORTWEEKDAYS":["रवि.","सोम.","मंगल.","बुध.","बृह.","शुक्र.","शनि."],"FIRSTDAYOFWEEK":6,"STANDALONEWEEKDAYS":["रविवार","सोमवार","मंगलवार","बुधवार","बृहस्पतिवार","शुक्रवार","शनिवार"],"WEEKDAYS":["रविवार","सोमवार","मंगलवार","बुधवार","बृहस्पतिवार","शुक्रवार","शनिवार"],"QUARTERS":["तिमाही","दूसरी तिमाही","तीसरी तिमाही","चौथी तिमाही"],"ERAS":["ईसापूर्व","सन"],"MONTHS":["जनवरी","फरवरी","मार्च","अप्रैल","मई","जून","जुलाई","अगस्त","सितम्बर","अक्तूबर","नवम्बर","दिसम्बर"],"TIMEFORMATS":["h:mm:ss a zzzz","h:mm:ss a z","h:mm:ss a","h:mm a"],"SHORTWEEKDAYS":["रवि.","सोम.","मंगल.","बुध.","बृह.","शुक्र.","शनि."],"SHORTQUARTERS":["तिमाही","दूसरी तिमाही","तीसरी तिमाही","चौथी तिमाही"],"WEEKENDRANGE":[6,6],"STANDALONENARROWWEEKDAYS":["र","सो","मं","बु","गु","शु","श"],"AVAILABLEFORMATS":null,"NAME":"hi","AMPMS":["am","pm"],"STANDALONEMONTHS":["जनवरी","फरवरी","मार्च","अप्रैल","मई","जून","जुलाई","अगस्त","सितम्बर","अक्तूबर","नवम्बर","दिसम्बर"],"SHORTMONTHS":["जनवरी","फरवरी","मार्च","अप्रैल","मई","जून","जुलाई","अगस्त","सितम्बर","अक्तूबर","नवम्बर","दिसम्बर"],"STANDALONENARROWMONTHS":["ज","फ़","मा","अ","म","जू","जु","अ","सि","अ","न","दि"]}