{"DATEFORMATS":["y년 M월 d일 EEEE","y년 M월 d일","yyyy. M. d.","yy. M. d."],"NARROWWEEKDAYS":["일","월","화","수","목","금","토"],"STANDALONESHORTMONTHS":["1월","2월","3월","4월","5월","6월","7월","8월","9월","10월","11월","12월"],"ERANAMES":["서력기원전","서력기원"],"FIRSTWEEKCUTOFFDAY":5,"NARROWMONTHS":["1월","2월","3월","4월","5월","6월","7월","8월","9월","10월","11월","12월"],"STANDALONESHORTWEEKDAYS":["일","월","화","수","목","금","토"],"FIRSTDAYOFWEEK":6,"STANDALONEWEEKDAYS":["일요일","월요일","화요일","수요일","목요일","금요일","토요일"],"WEEKDAYS":["일요일","월요일","화요일","수요일","목요일","금요일","토요일"],"QUARTERS":["제 1/4분기","제 2/4분기","제 3/4분기","제 4/4분기"],"ERAS":["기원전","서기"],"MONTHS":["1월","2월","3월","4월","5월","6월","7월","8월","9월","10월","11월","12월"],"TIMEFORMATS":["a h시 m분 s초 zzzz","a h시 m분 s초 z","a h:mm:ss","a h:mm"],"SHORTWEEKDAYS":["일","월","화","수","목","금","토"],"SHORTQUARTERS":["1분기","2분기","3분기","4분기"],"WEEKENDRANGE":[5,6],"STANDALONENARROWWEEKDAYS":["일","월","화","수","목","금","토"],"AVAILABLEFORMATS":null,"NAME":"ko","AMPMS":["오전","오후"],"STANDALONEMONTHS":["1월","2월","3월","4월","5월","6월","7월","8월","9월","10월","11월","12월"],"SHORTMONTHS":["1월","2월","3월","4월","5월","6월","7월","8월","9월","10월","11월","12월"],"STANDALONENARROWMONTHS":["1월","2월","3월","4월","5월","6월","7월","8월","9월","10월","11월","12월"]}