{"DATEFORMATS":["EEEE, d 'ta'’ MMMM y","d 'ta'’ MMMM y","dd MMM y","dd/MM/yyyy"],"NARROWWEEKDAYS":["Ħ","T","T","E","Ħ","Ġ","S"],"STANDALONESHORTMONTHS":["Jan","Fra","Mar","Apr","Mej","Ġun","Lul","Aww","Set","Ott","Nov","Diċ"],"ERANAMES":["Qabel Kristu","Wara Kristu"],"FIRSTWEEKCUTOFFDAY":5,"NARROWMONTHS":["J","F","M","A","M","Ġ","L","A","S","O","N","D"],"STANDALONESHORTWEEKDAYS":["Ħad","Tne","Tli","Erb","Ħam","Ġim","Sib"],"FIRSTDAYOFWEEK":6,"STANDALONEWEEKDAYS":["Il-Ħadd","It-Tnejn","It-Tlieta","L-Erbgħa","Il-Ħamis","Il-Ġimgħa","Is-Sibt"],"WEEKDAYS":["Il-Ħadd","It-Tnejn","It-Tlieta","L-Erbgħa","Il-Ħamis","Il-Ġimgħa","Is-Sibt"],"QUARTERS":["K1","K2","K3","K4"],"ERAS":["QK","WK"],"MONTHS":["Jannar","Frar","Marzu","April","Mejju","Ġunju","Lulju","Awwissu","Settembru","Ottubru","Novembru","Diċembru"],"TIMEFORMATS":["HH:mm:ss zzzz","HH:mm:ss z","HH:mm:ss","HH:mm"],"SHORTWEEKDAYS":["Ħad","Tne","Tli","Erb","Ħam","Ġim","Sib"],"SHORTQUARTERS":["K1","K2","K3","K4"],"WEEKENDRANGE":[5,6],"STANDALONENARROWWEEKDAYS":["Ħ","T","T","E","Ħ","Ġ","S"],"AVAILABLEFORMATS":null,"NAME":"mt","AMPMS":["QN","WN"],"STANDALONEMONTHS":["Jannar","Frar","Marzu","April","Mejju","Ġunju","Lulju","Awwissu","Settembru","Ottubru","Novembru","Diċembru"],"SHORTMONTHS":["Jan","Fra","Mar","Apr","Mej","Ġun","Lul","Aww","Set","Ott","Nov","Diċ"],"STANDALONENARROWMONTHS":["J","F","M","A","M","Ġ","L","A","S","O","N","D"]}