{"DATEFORMATS":["EEEE, dd. MMMM y.","dd. MMMM y.","dd.MM.y.","d.M.yy."],"NARROWWEEKDAYS":["н","п","у","с","ч","п","с"],"STANDALONESHORTMONTHS":["јан","феб","мар","апр","мај","јун","јул","авг","сеп","окт","нов","дец"],"ERANAMES":["Пре нове ере","Нове ере"],"FIRSTWEEKCUTOFFDAY":6,"NARROWMONTHS":["ј","ф","м","а","м","ј","ј","а","с","о","н","д"],"STANDALONESHORTWEEKDAYS":["нед","пон","уто","сре","чет","пет","суб"],"FIRSTDAYOFWEEK":0,"STANDALONEWEEKDAYS":["недеља","понедељак","уторак","среда","четвртак","петак","субота"],"WEEKDAYS":["недеља","понедељак","уторак","среда","четвртак","петак","субота"],"QUARTERS":["Прво тромесечје","Друго тромесечје","Треће тромесечје","Четврто тромесечје"],"ERAS":["п. н. е.","н. е."],"MONTHS":["јануар","фебруар","март","април","мај","јун","јул","август","септембар","октобар","новембар","децембар"],"TIMEFORMATS":["HH.mm.ss zzzz","HH.mm.ss z","HH.mm.ss","HH.mm"],"SHORTWEEKDAYS":["нед","пон","уто","сре","чет","пет","суб"],"SHORTQUARTERS":["К1","К2","К3","К4"],"WEEKENDRANGE":[5,6],"STANDALONENARROWWEEKDAYS":["н","п","у","с","ч","п","с"],"AVAILABLEFORMATS":null,"NAME":"sr","AMPMS":["пре подне","поподне"],"STANDALONEMONTHS":["јануар","фебруар","март","април","мај","јун","јул","август","септембар","октобар","новембар","децембар"],"SHORTMONTHS":["јан","феб","мар","апр","мај","јун","јул","авг","сеп","окт","нов","дец"],"STANDALONENARROWMONTHS":["ј","ф","м","а","м","ј","ј","а","с","о","н","д"]}