{"DATEFORMATS":["EEEE؍ d؍ MMMM y","d؍ MMMM y","d؍ MMM y","d/M/yy"],"NARROWWEEKDAYS":["1","2","3","4","5","6","7"],"STANDALONESHORTMONTHS":["جنوری","فروری","مارچ","اپريل","مئ","جون","جولائ","اگست","ستمبر","اکتوبر","نومبر","دسمبر"],"ERANAMES":["قبل مسيح","عيسوی سن"],"FIRSTWEEKCUTOFFDAY":5,"NARROWMONTHS":["1","2","3","4","5","6","7","8","9","10","11","12"],"STANDALONESHORTWEEKDAYS":["اتوار","پير","منگل","بده","جمعرات","جمعہ","ہفتہ"],"FIRSTDAYOFWEEK":6,"STANDALONEWEEKDAYS":["اتوار","پير","منگل","بده","جمعرات","جمعہ","ہفتہ"],"WEEKDAYS":["اتوار","پير","منگل","بده","جمعرات","جمعہ","ہفتہ"],"QUARTERS":["پہلی سہ ماہی","دوسری سہ ماہی","تيسری سہ ماہی","چوتهی سہ ماہی"],"ERAS":["ق م","عيسوی سن"],"MONTHS":["جنوری","فروری","مارچ","اپريل","مئ","جون","جولائ","اگست","ستمبر","اکتوبر","نومبر","دسمبر"],"TIMEFORMATS":["h:mm:ss a zzzz","h:mm:ss a z","h:mm:ss a","h:mm a"],"SHORTWEEKDAYS":["اتوار","پير","منگل","بده","جمعرات","جمعہ","ہفتہ"],"SHORTQUARTERS":["پہلی سہ ماہی","دوسری سہ ماہی","تيسری سہ ماہی","چوتهی سہ ماہی"],"WEEKENDRANGE":[5,6],"STANDALONENARROWWEEKDAYS":["1","2","3","4","5","6","7"],"AVAILABLEFORMATS":null,"NAME":"ur","AMPMS":["دن","رات"],"STANDALONEMONTHS":["جنوری","فروری","مارچ","اپريل","مئ","جون","جولائ","اگست","ستمبر","اکتوبر","نومبر","دسمبر"],"SHORTMONTHS":["جنوری","فروری","مارچ","اپريل","مئ","جون","جولائ","اگست","ستمبر","اکتوبر","نومبر","دسمبر"],"STANDALONENARROWMONTHS":["1","2","3","4","5","6","7","8","9","10","11","12"]}