{"d":"d","E":"EEE","EEEE":"EEEE","LLL":"LLL","LLLL":"LLLL","M":"L","Md":"MM/dd","MEd":"EEE MM/dd","MMM":"LLL","MMMd":"dd MMM","MMMEd":"EEE dd MMM","MMMM":"LLLL","MMMMd":"dd MMMM","MMMMEEEEd":"EEEE dd MMMM","QQQ":"QQQ","QQQQ":"QQQQ","y":"y","yM":"M/y","yMd":"yyyy/MM/dd","yMEd":"EEE, yyyy/MM/dd","yMMM":"MMM y","yMMMd":"dd MMM y","yMMMEd":"EEE, dd MMM y","yMMMM":"MMMM y","yMMMMd":"d MMMM y","yMMMMEEEEd":"EEEE d MMMM y","yQQQ":"QQQ y","yQQQQ":"QQQQ y","H":"HH","Hm":"HH:mm","Hms":"HH:mm:ss","j":"h a","jm":"h:mm a","jms":"h:mm:ss a","jmv":"h:mm a v","jmz":"h:mm a z","jz":"h a z","m":"m","ms":"mm:ss","s":"s","v":"v","z":"z","zzzz":"zzzz","ZZZZ":"ZZZZ"}