{"d":"d","E":"EEE","EEEE":"EEEE","LLL":"LLL","LLLL":"LLLL","M":"L","Md":"d.M.","MEd":"EEE, d.M.","MMM":"LLL","MMMd":"d. MMM","MMMEd":"EEE d. MMM","MMMM":"LLLL","MMMMd":"d. MMMM","MMMMEEEEd":"EEEE d. MMMM","QQQ":"QQQ","QQQQ":"QQQQ","y":"y","yM":"yyyy-M","yMd":"y-M-d","yMEd":"EEE, yyyy-M-d","yMMM":"MMM y","yMMMd":"y MMM d","yMMMEd":"EEE, d. MMM y","yMMMM":"MMMM y","yMMMMd":"d. MMMM y","yMMMMEEEEd":"EEEE, d. MMMM y","yQQQ":"QQQ y","yQQQQ":"QQQQ y","H":"H","Hm":"H:mm","Hms":"HH:mm:ss","j":"H","jm":"H:mm","jms":"HH:mm:ss","jmv":"H:mm v","jmz":"H:mm z","jz":"H z","m":"m","ms":"mm:ss","s":"s","v":"v","z":"z","zzzz":"zzzz","ZZZZ":"ZZZZ"}