{"d":"d日","E":"EEE","EEEE":"EEEE","LLL":"M月","LLLL":"M月","M":"M月","Md":"M/d","MEd":"M/d(EEE)","MMM":"M月","MMMd":"M月d日","MMMEd":"M月d日(EEE)","MMMM":"M月","MMMMd":"M月d日","MMMMEEEEd":"M月d日(EEEE)","QQQ":"QQQ","QQQQ":"QQQQ","y":"y年","yM":"y/M","yMd":"y/M/d","yMEd":"y/M/d(EEE)","yMMM":"y年M月","yMMMd":"y年M月d日","yMMMEd":"y年M月d日(EEE)","yMMMM":"y年M月","yMMMMd":"y年M月d日","yMMMMEEEEd":"y年M月d日(EEEE)","yQQQ":"yQQQ","yQQQQ":"yQQQQ","H":"H時","Hm":"H:mm","Hms":"H:mm:ss","j":"H時","jm":"H:mm","jms":"H:mm:ss","jmv":"H:mm v","jmz":"H:mm z","jz":"H時 z","m":"m","ms":"mm:ss","s":"s","v":"v","z":"z","zzzz":"zzzz","ZZZZ":"ZZZZ"}