{"d":"d","E":"EEE","EEEE":"EEEE","LLL":"LLL","LLLL":"LLLL","M":"L","Md":"M.d","MEd":"M-d, EEE","MMM":"LLL","MMMd":"MMM-d","MMMEd":"MMM d, EEE","MMMM":"LLLL","MMMMd":"MMMM-d","MMMMEEEEd":"MMMM d, EEEE","QQQ":"QQQ","QQQQ":"QQQQ","y":"y","yM":"y.M","yMd":"y-M-d","yMEd":"y-M-d EEE","yMMM":"y MMM","yMMMd":"y MMM d","yMMMEd":"y MMM d, EEE","yMMMM":"y MMMM","yMMMMd":"y 'm'. MMMM d 'd'.","yMMMMEEEEd":"y 'm'. MMMM d 'd'., EEEE","yQQQ":"y QQQ","yQQQQ":"y QQQQ","H":"HH","Hm":"HH:mm","Hms":"HH:mm:ss","j":"HH","jm":"HH:mm","jms":"HH:mm:ss","jmv":"HH:mm v","jmz":"HH:mm z","jz":"HH z","m":"m","ms":"mm:ss","s":"s","v":"v","z":"z","zzzz":"zzzz","ZZZZ":"ZZZZ"}