{"d":"d","E":"EEE","EEEE":"EEEE","LLL":"LLL","LLLL":"LLLL","M":"L","Md":"dd.MM.","MEd":"EEE, dd.MM.","MMM":"LLL","MMMd":"d. MMM","MMMEd":"EEE, d. MMM","MMMM":"LLLL","MMMMd":"d. MMMM","MMMMEEEEd":"EEEE, d. MMMM","QQQ":"QQQ","QQQQ":"QQQQ","y":"y. 'g'.","yM":"MM.yyyy.","yMd":"y-M-d","yMEd":"EEE, dd.MM.yyyy.","yMMM":"yyyy. 'g'. MMM","yMMMd":"y MMM d","yMMMEd":"EEE, yyyy. 'g'. dd. MMM","yMMMM":"y. 'g'. MMMM","yMMMMd":"y. 'gada' d. MMMM","yMMMMEEEEd":"EEEE, y. 'gada' d. MMMM","yQQQ":"y QQQ","yQQQQ":"y QQQQ","H":"HH","Hm":"HH:mm","Hms":"HH:mm:ss","j":"HH","jm":"HH:mm","jms":"HH:mm:ss","jmv":"HH:mm v","jmz":"HH:mm z","jz":"HH z","m":"m","ms":"mm:ss","s":"s","v":"v","z":"z","zzzz":"zzzz","ZZZZ":"ZZZZ"}