{"d":"d","E":"EEE","EEEE":"EEEE","LLL":"LLL","LLLL":"LLLL","M":"L","Md":"d/M","MEd":"EEE, dd/MM","MMM":"LLL","MMMd":"d 'de' MMM","MMMEd":"EEE, d 'de' MMM","MMMM":"LLLL","MMMMd":"d 'de' MMMM","MMMMEEEEd":"EEEE, d 'de' MMMM","QQQ":"QQQ","QQQQ":"QQQQ","y":"y","yM":"MM/yyyy","yMd":"dd/MM/yyyy","yMEd":"EEE, dd/MM/yyyy","yMMM":"MMM 'de' y","yMMMd":"d 'de' MMM 'de' y","yMMMEd":"EEE, d 'de' MMM 'de' y","yMMMM":"MMMM 'de' y","yMMMMd":"d 'de' MMMM 'de' y","yMMMMEEEEd":"EEEE, d 'de' MMMM 'de' y","yQQQ":"y QQQ","yQQQQ":"y QQQQ","H":"HH","Hm":"HH'h'mm","Hms":"HH:mm:ss","j":"HH","jm":"HH'h'mm","jms":"HH:mm:ss","jmv":"HH'h'mm v","jmz":"HH'h'mm z","jz":"HH z","m":"m","ms":"mm'min'ss's'","s":"s","v":"v","z":"z","zzzz":"zzzz","ZZZZ":"ZZZZ"}