{"d":"d","E":"EEE","EEEE":"EEEE","LLL":"LLL","LLLL":"LLLL","M":"L","Md":"d/M","MEd":"EEE d/M","MMM":"LLL","MMMd":"d MMM","MMMEd":"EEE d MMM","MMMM":"LLLL","MMMMd":"d:'e' MMMM","MMMMEEEEd":"EEEE d:'e' MMMM","QQQ":"QQQ","QQQQ":"QQQQ","y":"y","yM":"yyyy-MM","yMd":"yyyy-MM-dd","yMEd":"EEE, yyyy-MM-dd","yMMM":"MMM y","yMMMd":"d MMM y","yMMMEd":"EEE d MMM y","yMMMM":"MMMM y","yMMMMd":"d MMMM y","yMMMMEEEEd":"EEEE'en' 'den' d:'e' MMMM y","yQQQ":"y QQQ","yQQQQ":"y QQQQ","H":"HH","Hm":"HH:mm","Hms":"HH:mm:ss","j":"HH","jm":"HH:mm","jms":"HH:mm:ss","jmv":"HH:mm v","jmz":"HH:mm z","jz":"HH z","m":"m","ms":"mm:ss","s":"s","v":"v","z":"z","zzzz":"zzzz","ZZZZ":"ZZZZ"}