{"d":"'Ngày' d","E":"EEE","EEEE":"EEEE","LLL":"LLL","LLLL":"LLLL","M":"L","Md":"d-M","MEd":"EEE, d-M","MMM":"LLL","MMMd":"d MMM","MMMEd":"EEE, d MMM","MMMM":"LLLL","MMMMd":"d MMMM","MMMMEEEEd":"EEEE, d MMMM","QQQ":"QQQ","QQQQ":"QQQQ","y":"'Năm' y","yM":"M/yyyy","yMd":"d/M/y","yMEd":"EEE, d-M-yyyy","yMMM":"MMM y","yMMMd":"d MMM, y","yMMMEd":"EEE, d MMM y","yMMMM":"MMMM y","yMMMMd":"d MMMM, y","yMMMMEEEEd":"EEEE, 'ngày' d MMMM 'năm' y","yQQQ":"QQQ y","yQQQQ":"QQQQ y","H":"HH","Hm":"H:mm","Hms":"H:mm:ss","j":"HH","jm":"H:mm","jms":"H:mm:ss","jmv":"H:mm v","jmz":"H:mm z","jz":"HH z","m":"m","ms":"mm:ss","s":"s","v":"v","z":"z","zzzz":"zzzz","ZZZZ":"ZZZZ"}