{"d":"d日","E":"EEE","EEEE":"EEEE","LLL":"LLL","LLLL":"LLLL","M":"M月","Md":"M-d","MEd":"M-dEEE","MMM":"LLL","MMMd":"M月d日","MMMEd":"M月d日EEE","MMMM":"LLLL","MMMMd":"M月d日","MMMMEEEEd":"M月d日EEEE","QQQ":"QQQ","QQQQ":"QQQQ","y":"y年","yM":"yyyy-M","yMd":"y年M月d日","yMEd":"y年M月d日，EEE","yMMM":"y年M月","yMMMd":"y年M月d日","yMMMEd":"y年M月d日EEE","yMMMM":"y年M月","yMMMMd":"y年M月d日","yMMMMEEEEd":"y年M月d日EEEE","yQQQ":"y年QQQ","yQQQQ":"y年QQQQ","H":"H时","Hm":"H:mm","Hms":"H:mm:ss","j":"ah时","jm":"ah:mm","jms":"ah:mm:ss","jmv":"ah:mm v","jmz":"ah:mm z","jz":"ah时 z","m":"m","ms":"mm:ss","s":"s","v":"v","z":"z","zzzz":"zzzz","ZZZZ":"ZZZZ"}